Workbook

Sheet Hoja1
A1: Cod_Expre | B1: Nombre | C1: Cod_Suc | D1: Sucursal | E1: Cod_Prov | F1: Direccion | G1: Localidad | H1: =+VLOOKUP(G1,Agrupacion!A:B,2,0) -> Agrupador | I1: Zona Agrupador | J1: C_Post | K1: Telefono | L1: Notas | M1: inactivo
A2: 1 | B2: OLIVA | C2: 1 | D2: JOSE RODO 6255 (COMUNA 9 ) | E2: 2 | F2: JOSE RODO 6255 | G2: MATADEROS | H2: =_xlfn.IFNA(+VLOOKUP(G2,Agrupacion!A:B,2,0),"") -> AGRUPADOR 3 | I2: =_xlfn.IFNA(+VLOOKUP(G2,Agrupacion!A:C,3,0),"") -> CABA SUR II | J2: 1440 | M2: FALSO
A3: 2 | B3: EL RAPIDO | C3: 1 | D3: VELEZ SARSFIELD 1649 (COMUNA 4 ) CABA | E3: 2 | F3: VELEZ SARSFIELD 1649 | G3: BARRACAS | H3: =_xlfn.IFNA(+VLOOKUP(G3,Agrupacion!A:B,2,0),"") -> AGRUPADOR 2 | I3: =_xlfn.IFNA(+VLOOKUP(G3,Agrupacion!A:C,3,0),"") -> CABA SUR | J3: 1285 | K3: 4302-2328 | M3: FALSO
A4: 3 | B4: EL COLORADO | C4: 1 | D4: RIO CUARTO 1948 Y HERNANDARIAS - ( CAP. FED. ) | E4: 2 | F4: RIO CUARTO 1948 Y HERNANDARIAS | G4: VILLA SOLDATI | H4: =_xlfn.IFNA(+VLOOKUP(G4,Agrupacion!A:B,2,0),"") -> AGRUPADOR 3 | I4: =_xlfn.IFNA(+VLOOKUP(G4,Agrupacion!A:C,3,0),"") -> CABA SUR II | M4: FALSO
A5: 4 | B5: IMAZ S R L | C5: 1 | D5: PERGAMINO 3830 (COMUNA 8 ) CABA | E5: 2 | F5: PERGAMINO 3830 | G5: VILLA SOLDATI | H5: =_xlfn.IFNA(+VLOOKUP(G5,Agrupacion!A:B,2,0),"") -> AGRUPADOR 3 | I5: =_xlfn.IFNA(+VLOOKUP(G5,Agrupacion!A:C,3,0),"") -> CABA SUR II | J5: 1437 | K5: 4919-0267 / 0269 | M5: FALSO
A6: 5 | B6: J.E LOGISTICA ( ex gabelli) | C6: 1 | D6: ANCASTE 3111 - ( CAP. FED. ) | E6: 2 | F6: ANCASTE 3111 | G6: VILLA SOLDATI | H6: =_xlfn.IFNA(+VLOOKUP(G6,Agrupacion!A:B,2,0),"") -> AGRUPADOR 3 | I6: =_xlfn.IFNA(+VLOOKUP(G6,Agrupacion!A:C,3,0),"") -> CABA SUR II | K6: 4911-6562/6745 | M6: FALSO
A7: 6 | B7: ORLANDO MORRESI | C7: 1 | D7: CARLOS BERG 3591 ESQ FERRE (COMUNA 8 ) CABA | E7: 2 | F7: CARLOS BERG 3591 ESQ FERRE | G7: VILLA SOLDATI | H7: =_xlfn.IFNA(+VLOOKUP(G7,Agrupacion!A:B,2,0),"") -> AGRUPADOR 3 | I7: =_xlfn.IFNA(+VLOOKUP(G7,Agrupacion!A:C,3,0),"") -> CABA SUR II | J7: 1437 | K7: 4919-3200/0261-4212243 | M7: FALSO
A8: 7 | B8: TRANSPORTE RODRIGUEZ HNOS.SRL | C8: 1 | D8: AV. EREZCANO 3880 - ( CAP. FED. ) | E8: 2 | F8: AV. EREZCANO 3880 | G8: VILLA SOLDATI | H8: =_xlfn.IFNA(+VLOOKUP(G8,Agrupacion!A:B,2,0),"") -> AGRUPADOR 3 | I8: =_xlfn.IFNA(+VLOOKUP(G8,Agrupacion!A:C,3,0),"") -> CABA SUR II | J8: 1437 | K8: 4918-0004 | M8: FALSO
A9: 8 | B9: SZILAK | C9: 1 | D9: GRITO DE ASENCIO 3231 (COMUNA 4) CABA | E9: 2 | F9: GRITO DE ASENCIO 3231 | G9: PARQUE PATRICIOS | H9: =_xlfn.IFNA(+VLOOKUP(G9,Agrupacion!A:B,2,0),"") -> AGRUPADOR 2 | I9: =_xlfn.IFNA(+VLOOKUP(G9,Agrupacion!A:C,3,0),"") -> CABA SUR | J9: 1437 | K9: 4912-3903 / 3904 | M9: FALSO
A10: 9 | B10: BISONTE S R L | C10: 1 | D10: ROCA Y PERGAMINO MODULO 76 NAVE 3 (COMUNA 8 ) CABA | E10: 2 | F10: ROCA Y PERGAMINO MODULO 76 NAVE 3 | G10: VILLA SOLDATI | H10: =_xlfn.IFNA(+VLOOKUP(G10,Agrupacion!A:B,2,0),"") -> AGRUPADOR 3 | I10: =_xlfn.IFNA(+VLOOKUP(G10,Agrupacion!A:C,3,0),"") -> CABA SUR II | J10: 1437 | K10: 2206-2636 | M10: FALSO
A11: 10 | B11: GONZALEZ JUAN CARLOS | C11: 1 | D11: AV. INT. FRANCISCO RABANAL 2886 - ( CAPITAL FEDERAL ) | E11: 2 | F11: AV. INT. FRANCISCO RABANAL 2886 | G11: VILLA SOLDATI | H11: =_xlfn.IFNA(+VLOOKUP(G11,Agrupacion!A:B,2,0),"") -> AGRUPADOR 3 | I11: =_xlfn.IFNA(+VLOOKUP(G11,Agrupacion!A:C,3,0),"") -> CABA SUR II | J11: 1437 | K11: 4919-0075 | M11: FALSO
A12: 11 | B12: SCOR-DINA S.A. | C12: 1 | D12: AV. AMANCIO ALCORTA 3473 (COMUNA 4) CABA | E12: 2 | F12: AV. AMANCIO ALCORTA 3473 | G12: VILLA SOLDATI | H12: =_xlfn.IFNA(+VLOOKUP(G12,Agrupacion!A:B,2,0),"") -> AGRUPADOR 3 | I12: =_xlfn.IFNA(+VLOOKUP(G12,Agrupacion!A:C,3,0),"") -> CABA SUR II | J12: 1437 | K12: 4911-1728/1044/9514 | M12: FALSO
A13: 12 | B13: DEL NORTE INTEGRAL S.R.L. | C13: 1 | D13: ALBERTO EINSTEIM 1023 - ( CAPITAL FEDERAL ) | E13: 2 | F13: ALBERTO EINSTEIM 1023 | G13: VILLA SOLDATI | H13: =_xlfn.IFNA(+VLOOKUP(G13,Agrupacion!A:B,2,0),"") -> AGRUPADOR 3 | I13: =_xlfn.IFNA(+VLOOKUP(G13,Agrupacion!A:C,3,0),"") -> CABA SUR II | J13: 1437 | K13: 4911-0997 | M13: FALSO
A14: 13 | B14: SAN ESTEBAN SRL | C14: 1 | D14: AV.A.ALCORTA 1955 - ( P.PATRICIOS-CAPITAL ) | F14: AV.A.ALCORTA 1955 | G14: PARQUE PATRICIOS | H14: =_xlfn.IFNA(+VLOOKUP(G14,Agrupacion!A:B,2,0),"") -> AGRUPADOR 2 | I14: =_xlfn.IFNA(+VLOOKUP(G14,Agrupacion!A:C,3,0),"") -> CABA SUR | J14: 1284 | M14: FALSO
A15: 14 | B15: CRUZ DEL SUR SA. (Tapiales) | C15: 1 | D15: AU RICCHERI Y BOULOGNE SUR MER NAVE D3 - ( TAPIALES -BS AS ) | E15: 1 | F15: AU RICCHERI Y BOULOGNE SUR MER NAVE D3 | G15: TAPIALES | H15: =_xlfn.IFNA(+VLOOKUP(G15,Agrupacion!A:B,2,0),"") -> AGRUPADOR 3 | I15: =_xlfn.IFNA(+VLOOKUP(G15,Agrupacion!A:C,3,0),"") -> CABA SUR II | J15: 1771 | K15: 4480-6666 | L15: int 3 ( contrareembolso)_x000D_ LUNES A VIERNES 8 A 17 MERCADO CENTRAL | M15: FALSO
A16: 15 | B16: A.L.A. | C16: 1 | D16: VIRREY LINIERS 1350 - ( CAPITAL FEDERAL ) | E16: 2 | F16: VIRREY LINIERS 1350 | G16: BOEDO | H16: =_xlfn.IFNA(+VLOOKUP(G16,Agrupacion!A:B,2,0),"") -> AGRUPADOR 1 | I16: =_xlfn.IFNA(+VLOOKUP(G16,Agrupacion!A:C,3,0),"") -> CABA NORTE | J16: 1241 | M16: FALSO
A17: 16 | B17: QUIBIK LOGISTICA SAS (RIGAR) | C17: 1 | D17: JULIO TROXLER 3259 | E17: 2 | F17: JULIO TROXLER 3259 | G17: VILLA SOLDATI | H17: =_xlfn.IFNA(+VLOOKUP(G17,Agrupacion!A:B,2,0),"") -> AGRUPADOR 3 | I17: =_xlfn.IFNA(+VLOOKUP(G17,Agrupacion!A:C,3,0),"") -> CABA SUR II | J17: 1437 | K17: 4308-1568/4942-9711/9339 | L17: TEL. CORDOBA 0351-497-7000_x000D_ 011 24522816 - martin_x000D_ NOVIEMBRE 2025 CAMBIÓ DIRECCION | M17: FALSO
A18: 17 | B18: PICO S.R.L. | C18: 1 | D18: AUSTRALIA 2758 (COMUNA 4) CABA | E18: 2 | F18: AUSTRALIA 2758 | G18: BARRACAS | H18: =_xlfn.IFNA(+VLOOKUP(G18,Agrupacion!A:B,2,0),"") -> AGRUPADOR 2 | I18: =_xlfn.IFNA(+VLOOKUP(G18,Agrupacion!A:C,3,0),"") -> CABA SUR | J18: 1437 | K18: 4303-3130 | M18: FALSO
A19: 18 | B19: MORABITO SRL | C19: 1 | D19: LOS PATOS 2577 (COMUNA 4 ) CABA | E19: 2 | F19: LOS PATOS 2577 | G19: BARRACAS | H19: =_xlfn.IFNA(+VLOOKUP(G19,Agrupacion!A:B,2,0),"") -> AGRUPADOR 2 | I19: =_xlfn.IFNA(+VLOOKUP(G19,Agrupacion!A:C,3,0),"") -> CABA SUR | J19: 1284 | K19: 4942-6686 / 2628 | M19: FALSO
A20: 19 | B20: FRASER TRANSPORTE | C20: 1 | D20: CNEL.M.CHILAVERT 3258 (COMUNA 8) CABA | E20: 2 | F20: CNEL.M.CHILAVERT 3258 | G20: VILLA SOLDATI | H20: =_xlfn.IFNA(+VLOOKUP(G20,Agrupacion!A:B,2,0),"") -> AGRUPADOR 3 | I20: =_xlfn.IFNA(+VLOOKUP(G20,Agrupacion!A:C,3,0),"") -> CABA SUR II | J20: 1437 | K20: 4919-1368 | L20: horario de 8 a 17 hs | M20: FALSO
A21: 20 | B21: RUTA SUR | C21: 1 | D21: SALOM 667 - ( CAPITAL FEDERAL ) | E21: 2 | F21: SALOM 667 | G21: ESTACION SOLA | H21: =_xlfn.IFNA(+VLOOKUP(G21,Agrupacion!A:B,2,0),"") -> AGRUPADOR 3 | I21: =_xlfn.IFNA(+VLOOKUP(G21,Agrupacion!A:C,3,0),"") -> CABA SUR II | J21: 1277 | K21: 4302-1143 | M21: FALSO
A22: 21 | B22: ZIEGLER TRANSPORTACIONES SA. | C22: 1 | D22: JOSE CORTEJARENA 2954 - ( P.PATRICIOS-CAPITAL ) | F22: JOSE CORTEJARENA 2954 | G22: PARQUE PATRICIOS | H22: =_xlfn.IFNA(+VLOOKUP(G22,Agrupacion!A:B,2,0),"") -> AGRUPADOR 2 | I22: =_xlfn.IFNA(+VLOOKUP(G22,Agrupacion!A:C,3,0),"") -> CABA SUR | J22: 1437 | M22: FALSO
A23: 22 | B23: CONTINENTAL | C23: 1 | D23: C.M.RAMIREZ 2204 - ( SOLDATI-CAPITAL ) | F23: C.M.RAMIREZ 2204 | G23: VILLA SOLDATI | H23: =_xlfn.IFNA(+VLOOKUP(G23,Agrupacion!A:B,2,0),"") -> AGRUPADOR 3 | I23: =_xlfn.IFNA(+VLOOKUP(G23,Agrupacion!A:C,3,0),"") -> CABA SUR II | J23: 1437 | M23: FALSO
A24: 23 | B24: ORO BLANCO | C24: 1 | D24: RIVERA INDARTE 2749 (COMUNA 8 ) CABA | E24: 2 | F24: RIVERA INDARTE 2749 | G24: VILLA SOLDATI | H24: =_xlfn.IFNA(+VLOOKUP(G24,Agrupacion!A:B,2,0),"") -> AGRUPADOR 3 | I24: =_xlfn.IFNA(+VLOOKUP(G24,Agrupacion!A:C,3,0),"") -> CABA SUR II | J24: 1437 | K24: 4918-2649 | M24: FALSO
A25: 24 | B25: PRADA TRANSPORTE | C25: 1 | D25: VILLARINO 2375 (COMUNA 4) CABA | E25: 2 | F25: VILLARINO 2375 | G25: BARRACAS | H25: =_xlfn.IFNA(+VLOOKUP(G25,Agrupacion!A:B,2,0),"") -> AGRUPADOR 2 | I25: =_xlfn.IFNA(+VLOOKUP(G25,Agrupacion!A:C,3,0),"") -> CABA SUR | J25: 1273 | K25: (011) 302 7162 / (011) 15 6885 8338 | M25: FALSO
A26: 26 | B26: MANENTI JULIO E HIJOS | C26: 1 | D26: DR. LUIS PEDRO BALIÑA 4060 - ( PARQUE PATRICIOS ) | E26: 2 | F26: DR. LUIS PEDRO BALIÑA 4060 | G26: PARQUE PATRICIOS | H26: =_xlfn.IFNA(+VLOOKUP(G26,Agrupacion!A:B,2,0),"") -> AGRUPADOR 2 | I26: =_xlfn.IFNA(+VLOOKUP(G26,Agrupacion!A:C,3,0),"") -> CABA SUR | J26: 1437 | K26: 4912-2164 / 4911-8552 | M26: FALSO
A27: 27 | B27: COPAR | C27: 1 | D27: FERRE 3254 - ( CABA ) | E27: 2 | F27: FERRE 3254 | G27: VILLA SOLDATI | H27: =_xlfn.IFNA(+VLOOKUP(G27,Agrupacion!A:B,2,0),"") -> AGRUPADOR 3 | I27: =_xlfn.IFNA(+VLOOKUP(G27,Agrupacion!A:C,3,0),"") -> CABA SUR II | J27: 1437 | K27: 4918-7424 / 8126 | M27: FALSO
A28: 28 | B28: MARAL SRL | C28: 1 | D28: CASTANON 3561 - ( P.PATRICIOS-CAPITAL ) | E28: 2 | F28: CASTANON 3561 | G28: PARQUE PATRICIOS | H28: =_xlfn.IFNA(+VLOOKUP(G28,Agrupacion!A:B,2,0),"") -> AGRUPADOR 2 | I28: =_xlfn.IFNA(+VLOOKUP(G28,Agrupacion!A:C,3,0),"") -> CABA SUR | J28: 1437 | M28: FALSO
A29: 29 | B29: SUD ATLANTICO S.R.L. | C29: 1 | D29: RAFAELA 4710 - ( CAPITAL FEDERAL ) | E29: 2 | F29: RAFAELA 4710 | G29: FLORES | H29: =_xlfn.IFNA(+VLOOKUP(G29,Agrupacion!A:B,2,0),"") -> AGRUPADOR 1 | I29: =_xlfn.IFNA(+VLOOKUP(G29,Agrupacion!A:C,3,0),"") -> CABA NORTE | J29: 1407 | K29: 4674-1777 | M29: FALSO
A30: 30 | B30: NAPOSTA | C30: 1 | D30: C.T.C. PERGAMINO 3751 NAVE 2 MOD 84 - ( CAPITAL FEDERAL ) | E30: 2 | F30: C.T.C. PERGAMINO 3751 NAVE 2 MOD 84 | G30: VILLA SOLDATI | H30: =_xlfn.IFNA(+VLOOKUP(G30,Agrupacion!A:B,2,0),"") -> AGRUPADOR 3 | I30: =_xlfn.IFNA(+VLOOKUP(G30,Agrupacion!A:C,3,0),"") -> CABA SUR II | J30: 1437 | K30: 2206-2640 | M30: FALSO
A31: 31 | B31: LA TRANSPORTADORA | C31: 1 | D31: USPALLATA 2638 - ( P.PATRICIOS-CAPITAL ) | E31: 2 | F31: USPALLATA 2638 | G31: PARQUE PATRICIOS | H31: =_xlfn.IFNA(+VLOOKUP(G31,Agrupacion!A:B,2,0),"") -> AGRUPADOR 2 | I31: =_xlfn.IFNA(+VLOOKUP(G31,Agrupacion!A:C,3,0),"") -> CABA SUR | J31: 1437 | K31: 4942-6684 | M31: FALSO
A32: 32 | B32: BAIRES LOGISTICA | C32: 1 | D32: PORTELA 3479 - ( POMPEYA ) | E32: 2 | F32: PORTELA 3479 | G32: POMPEYA | H32: =_xlfn.IFNA(+VLOOKUP(G32,Agrupacion!A:B,2,0),"") -> AGRUPADOR 2 | I32: =_xlfn.IFNA(+VLOOKUP(G32,Agrupacion!A:C,3,0),"") -> CABA SUR | J32: 1437 | K32: 4919-0991/6148 | M32: FALSO
A33: 33 | B33: BRIO | C33: 1 | D33: SAN PEDRITO 3731 (COMUNA 8) CABA | E33: 2 | F33: SAN PEDRITO 3731 | G33: VILLA SOLDATI | H33: =_xlfn.IFNA(+VLOOKUP(G33,Agrupacion!A:B,2,0),"") -> AGRUPADOR 3 | I33: =_xlfn.IFNA(+VLOOKUP(G33,Agrupacion!A:C,3,0),"") -> CABA SUR II | J33: 1437 | K33: 4918-2224 | M33: FALSO
A34: 34 | B34: BENOZA S.R.L. | C34: 1 | D34: CACHIMAYO 1836 - ( PQUE.CHACABUCO-CAPIT ) | E34: 2 | F34: CACHIMAYO 1836 | G34: PARQUE CHACABUCO | H34: =_xlfn.IFNA(+VLOOKUP(G34,Agrupacion!A:B,2,0),"") -> AGRUPADOR 1 | I34: =_xlfn.IFNA(+VLOOKUP(G34,Agrupacion!A:C,3,0),"") -> CABA NORTE | J34: 1424 | M34: FALSO
A35: 35 | B35: SEDICA S.A. - TRADELOG | C35: 1 | D35: PERGAMINO 3751 MOD 71 A 75 nave (c) (COMUNA 8 ) CABA | E35: 2 | F35: PERGAMINO 3751 MOD 71 A 75 nave (c) | G35: VILLA SOLDATI | H35: =_xlfn.IFNA(+VLOOKUP(G35,Agrupacion!A:B,2,0),"") -> AGRUPADOR 3 | I35: =_xlfn.IFNA(+VLOOKUP(G35,Agrupacion!A:C,3,0),"") -> CABA SUR II | J35: 1437 | K35: 5091-6600/3754-7206 | M35: FALSO
A36: 36 | B36: NANDUBAY | C36: 1 | D36: PERGAMINO 3751 MOD 64/65 NAVE 3 (COMUNA 8) CABA | E36: 2 | F36: C.T.C. PERGAMINO 3751 MOD 64/65 NAVE 3 | G36: VILLA SOLDATI | H36: =_xlfn.IFNA(+VLOOKUP(G36,Agrupacion!A:B,2,0),"") -> AGRUPADOR 3 | I36: =_xlfn.IFNA(+VLOOKUP(G36,Agrupacion!A:C,3,0),"") -> CABA SUR II | J36: 1437 | K36: 3754-7220 | M36: FALSO
A37: 37 | B37: RODAR | C37: 1 | D37: LAVARDEN 740 - ( P.PATRICIOS-CAPITAL ) | E37: 2 | F37: LAVARDEN 740 | G37: PARQUE PATRICIOS | H37: =_xlfn.IFNA(+VLOOKUP(G37,Agrupacion!A:B,2,0),"") -> AGRUPADOR 2 | I37: =_xlfn.IFNA(+VLOOKUP(G37,Agrupacion!A:C,3,0),"") -> CABA SUR | J37: 1437 | M37: FALSO
A38: 38 | B38: ALMAFUERTE S.R.L. | C38: 1 | D38: CHARRUA 3520 - ( CAPITAL FEDERAL ) | E38: 2 | F38: CHARRUA 3520 | G38: VILLA SOLDATI | H38: =_xlfn.IFNA(+VLOOKUP(G38,Agrupacion!A:B,2,0),"") -> AGRUPADOR 3 | I38: =_xlfn.IFNA(+VLOOKUP(G38,Agrupacion!A:C,3,0),"") -> CABA SUR II | J38: 1437 | K38: 4918-6278 | M38: FALSO
A39: 39 | B39: DEPOSITO PROALSA | C39: 1 | D39: FORMOSA 3486 Y PCIA.UNIDA - ( LOMAS DEL MIRADOR ) | E39: 1 | F39: FORMOSA 3486 Y PCIA.UNIDA | G39: LOMAS DEL MIRADOR | H39: =_xlfn.IFNA(+VLOOKUP(G39,Agrupacion!A:B,2,0),"") -> AGRUPADOR 6 | I39: =_xlfn.IFNA(+VLOOKUP(G39,Agrupacion!A:C,3,0),"") -> GBA OESTE | J39: 1752 | M39: FALSO
A40: 40 | B40: EXPRESO FUEGUINO | C40: 1 | D40: AUSTRALIA 2838 (COMUNA 4) CABA | E40: 2 | F40: AUSTRALIA 2838 | G40: BARRACAS | H40: =_xlfn.IFNA(+VLOOKUP(G40,Agrupacion!A:B,2,0),"") -> AGRUPADOR 2 | I40: =_xlfn.IFNA(+VLOOKUP(G40,Agrupacion!A:C,3,0),"") -> CABA SUR | J40: 1296 | K40: 4303-6222 | L40: HORARIO 8 A 12.30 Y 13 A 17 HS. | M40: FALSO
A41: 41 | B41: SAUNIG | C41: 1 | D41: CARLOS M RAMIREZ 2204 - ( SOLDATI ) | E41: 2 | F41: CARLOS M RAMIREZ 2204 | G41: VILLA SOLDATI | H41: =_xlfn.IFNA(+VLOOKUP(G41,Agrupacion!A:B,2,0),"") -> AGRUPADOR 3 | I41: =_xlfn.IFNA(+VLOOKUP(G41,Agrupacion!A:C,3,0),"") -> CABA SUR II | J41: 1437 | K41: 4919-5797 | M41: FALSO
A42: 42 | B42: EL ZONDA | C42: 1 | D42: DONATO ALVAREZ 2258 - ( PATERNAL ) | E42: 2 | F42: DONATO ALVAREZ 2258 | G42: PATERNAL | H42: =_xlfn.IFNA(+VLOOKUP(G42,Agrupacion!A:B,2,0),"") -> AGRUPADOR 1 | I42: =_xlfn.IFNA(+VLOOKUP(G42,Agrupacion!A:C,3,0),"") -> CABA NORTE | J42: 1416 | M42: FALSO
A43: 43 | B43: 20 DE OCTUBRE | C43: 1 | D43: GRAL.IRIARTE 2775 - ( CAPITAL FEDERAL ) | E43: 2 | F43: GRAL.IRIARTE 2775 | G43: BARRACAS | H43: =_xlfn.IFNA(+VLOOKUP(G43,Agrupacion!A:B,2,0),"") -> AGRUPADOR 2 | I43: =_xlfn.IFNA(+VLOOKUP(G43,Agrupacion!A:C,3,0),"") -> CABA SUR | J43: 1291 | M43: FALSO
A44: 44 | B44: ESPERANZA | C44: 1 | D44: FERRE 3286 - ( SOLDATI ) | E44: 2 | F44: FERRE 3286 | G44: VILLA SOLDATI | H44: =_xlfn.IFNA(+VLOOKUP(G44,Agrupacion!A:B,2,0),"") -> AGRUPADOR 3 | I44: =_xlfn.IFNA(+VLOOKUP(G44,Agrupacion!A:C,3,0),"") -> CABA SUR II | J44: 1437 | K44: 4919-9482 | M44: FALSO
A45: 45 | B45: LUCERO SRL | C45: 1 | D45: PEDRO CHUTRO 2735 - ( CAPITAL FEDERAL ) | E45: 2 | F45: PEDRO CHUTRO 2735 | G45: BARRACAS | H45: =_xlfn.IFNA(+VLOOKUP(G45,Agrupacion!A:B,2,0),"") -> AGRUPADOR 2 | I45: =_xlfn.IFNA(+VLOOKUP(G45,Agrupacion!A:C,3,0),"") -> CABA SUR | J45: 1437 | M45: FALSO
A46: 46 | B46: DEPOSITO MATERIALES SUR | C46: 1 | D46: JUAN MANUEL DE ROSAS 3147 - ( SAN JUSTO ) | E46: 1 | F46: JUAN MANUEL DE ROSAS 3147 | G46: SAN JUSTO | H46: =_xlfn.IFNA(+VLOOKUP(G46,Agrupacion!A:B,2,0),"") -> AGRUPADOR 6 | I46: =_xlfn.IFNA(+VLOOKUP(G46,Agrupacion!A:C,3,0),"") -> GBA OESTE | J46: 1754 | M46: FALSO
A47: 47 | B47: LB S.A. EXPRESO (EX O.M.A.R.) | C47: 1 | D47: EL PARTENON 1125 - ( 9 DE ABRIL-ESTEBAN ECHEVERRIA ) | E47: 1 | F47: EL PARTENON 1125 | G47: ESTEBAN ECHEVERRIA | H47: =_xlfn.IFNA(+VLOOKUP(G47,Agrupacion!A:B,2,0),"") -> AGRUPADOR 5 | I47: =_xlfn.IFNA(+VLOOKUP(G47,Agrupacion!A:C,3,0),"") -> GBA SUR II | J47: 1776 | K47: 4693-4500/0643/2792 | L47: CAMBIO DOMICILIO A PARTIR DEL 11-9-6_x000D_ Encargado Recepcion El Tehuelche Eduardo 154034-3071 | M47: FALSO
A48: 48 | B48: M.Z. | C48: 1 | D48: CASTAÑON 3682 (COMUNA 8) CABA | E48: 2 | F48: CASTAÑON 3682 | G48: VILLA SOLDATI | H48: =_xlfn.IFNA(+VLOOKUP(G48,Agrupacion!A:B,2,0),"") -> AGRUPADOR 3 | I48: =_xlfn.IFNA(+VLOOKUP(G48,Agrupacion!A:C,3,0),"") -> CABA SUR II | J48: 1437 | K48: 4942- 2525 | M48: FALSO
A49: 49 | B49: SUDAMERICANOS S.A. | C49: 1 | D49: AV.RIESTRA 1655 - ( POMPEYA-CAPITAL ) | E49: 2 | F49: AV.RIESTRA 1655 | G49: POMPEYA | H49: =_xlfn.IFNA(+VLOOKUP(G49,Agrupacion!A:B,2,0),"") -> AGRUPADOR 2 | I49: =_xlfn.IFNA(+VLOOKUP(G49,Agrupacion!A:C,3,0),"") -> CABA SUR | J49: 1437 | M49: FALSO
A50: 50 | B50: DI BATTISTA | C50: 1 | D50: AV. PERGAMINO 3751 MOD 91 NAVE 4 (COMUNA 8) CABA | E50: 2 | F50: AV. PERGAMINO 3751 MOD 91 NAVE 4 | G50: VILLA SOLDATI | H50: =_xlfn.IFNA(+VLOOKUP(G50,Agrupacion!A:B,2,0),"") -> AGRUPADOR 3 | I50: =_xlfn.IFNA(+VLOOKUP(G50,Agrupacion!A:C,3,0),"") -> CABA SUR II | J50: 1437 | K50: 3754-7236 / 7 | M50: FALSO
A51: 51 | B51: TATU | C51: 1 | D51: MIRAVE 3379 - ( CAPITAL FEDERAL ) | E51: 2 | F51: MIRAVE 3379 | G51: ESTACION SOLA | H51: =_xlfn.IFNA(+VLOOKUP(G51,Agrupacion!A:B,2,0),"") -> AGRUPADOR 3 | I51: =_xlfn.IFNA(+VLOOKUP(G51,Agrupacion!A:C,3,0),"") -> CABA SUR II | J51: 1277 | K51: 4308-4293 | M51: FALSO
A52: 52 | B52: EL QUEBRACHITO S.A. | C52: 1 | D52: BOGOTA 1850 - ( CAPITAL FEDERAL ) | E52: 2 | F52: BOGOTA 1850 | G52: FLORES | H52: =_xlfn.IFNA(+VLOOKUP(G52,Agrupacion!A:B,2,0),"") -> AGRUPADOR 1 | I52: =_xlfn.IFNA(+VLOOKUP(G52,Agrupacion!A:C,3,0),"") -> CABA NORTE | J52: 1406 | K52: 4632-4075 | M52: FALSO
A53: 53 | B53: 2 CIUDADES | C53: 1 | D53: O' GORMAN 3572 ALT. RABANAL 2100 - ( CABA ) | E53: 2 | F53: O' GORMAN 3572 ALT. RABANAL 2100 | G53: VILLA SOLDATI | H53: =_xlfn.IFNA(+VLOOKUP(G53,Agrupacion!A:B,2,0),"") -> AGRUPADOR 3 | I53: =_xlfn.IFNA(+VLOOKUP(G53,Agrupacion!A:C,3,0),"") -> CABA SUR II | J53: 1437 | K53: 4918-6017 | M53: FALSO
A54: 54 | B54: PUNTA ALTA | C54: 1 | D54: PERGAMINO 3751 NAVE 3 BOX 69 (COMUNA 8 ) CABA | E54: 2 | F54: PERGAMINO 3751 -CTC-NAVE 3 BOX 69 | G54: NUEVA POMPEYA | H54: =_xlfn.IFNA(+VLOOKUP(G54,Agrupacion!A:B,2,0),"") -> AGRUPADOR 2 | I54: =_xlfn.IFNA(+VLOOKUP(G54,Agrupacion!A:C,3,0),"") -> CABA SUR | J54: 1256 | K54: 2206-2606 CEL 155-796-4296 | M54: FALSO
A55: 55 | B55: BAHIA | C55: 1 | D55: MONASTERIO 181 - ( CAPITAL FEDERAL ) | E55: 2 | F55: MONASTERIO 181 | G55: NUEVA POMPEYA | H55: =_xlfn.IFNA(+VLOOKUP(G55,Agrupacion!A:B,2,0),"") -> AGRUPADOR 2 | I55: =_xlfn.IFNA(+VLOOKUP(G55,Agrupacion!A:C,3,0),"") -> CABA SUR | J55: 1437 | K55: 4941-0412 | M55: FALSO
A56: 56 | B56: PLANISIQ | C56: 1 | D56: CULPINA 3518/20 - ( V.SOLDATI ) | E56: 2 | F56: CULPINA 3518/20 | G56: VILLA SOLDATI | H56: =_xlfn.IFNA(+VLOOKUP(G56,Agrupacion!A:B,2,0),"") -> AGRUPADOR 3 | I56: =_xlfn.IFNA(+VLOOKUP(G56,Agrupacion!A:C,3,0),"") -> CABA SUR II | J56: 1439 | M56: FALSO
A57: 58 | B57: TOP LINE | C57: 1 | D57: ALBARINO 3660 - ( SOLDATI ) | E57: 2 | F57: ALBARINO 3660 | G57: VILLA SOLDATI | H57: =_xlfn.IFNA(+VLOOKUP(G57,Agrupacion!A:B,2,0),"") -> AGRUPADOR 3 | I57: =_xlfn.IFNA(+VLOOKUP(G57,Agrupacion!A:C,3,0),"") -> CABA SUR II | J57: 1439 | M57: FALSO
A58: 59 | B58: HENIN | C58: 1 | D58: VENTANA 3772 (COMUNA 4 ) CABA | E58: 2 | F58: VENTANA 3772 | G58: NUEVA POMPEYA | H58: =_xlfn.IFNA(+VLOOKUP(G58,Agrupacion!A:B,2,0),"") -> AGRUPADOR 2 | I58: =_xlfn.IFNA(+VLOOKUP(G58,Agrupacion!A:C,3,0),"") -> CABA SUR | J58: 1405 | K58: 4431-5627 | M58: FALSO
A59: 60 | B59: CAMARA DE COMERCIO | C59: 1 | D59: BERON DE ASTRADA 2791 - ( CAPITAL FEDERAL ) | E59: 2 | F59: BERON DE ASTRADA 2791 | G59: VILLA SOLDATI | H59: =_xlfn.IFNA(+VLOOKUP(G59,Agrupacion!A:B,2,0),"") -> AGRUPADOR 3 | I59: =_xlfn.IFNA(+VLOOKUP(G59,Agrupacion!A:C,3,0),"") -> CABA SUR II | J59: 1437 | K59: 4919-0291 | M59: FALSO
A60: 61 | B60: EL FARO | C60: 1 | D60: RIO CUARTO 4041 (COMUNA 4 ) CABA | E60: 2 | F60: RIO CUARTO 4041 | G60: POMPEYA | H60: =_xlfn.IFNA(+VLOOKUP(G60,Agrupacion!A:B,2,0),"") -> AGRUPADOR 2 | I60: =_xlfn.IFNA(+VLOOKUP(G60,Agrupacion!A:C,3,0),"") -> CABA SUR | J60: 1437 | M60: FALSO
A61: 62 | B61: no usar, usar 101 SANTA RITA | C61: 1 | D61: CASTAÑON 3556 - ( VILLA SOLDATI ) | E61: 2 | F61: CASTAÑON 3556 | G61: VILLA SOLDATI | H61: =_xlfn.IFNA(+VLOOKUP(G61,Agrupacion!A:B,2,0),"") -> AGRUPADOR 3 | I61: =_xlfn.IFNA(+VLOOKUP(G61,Agrupacion!A:C,3,0),"") -> CABA SUR II | K61: 4912-2418 | M61: FALSO
A62: 63 | B62: BAHIJET | C62: 1 | D62: ANCASTE 3109 - ( CAPITAL FEDERAL ) | E62: 2 | F62: ANCASTE 3109 | G62: VILLA SOLDATI | H62: =_xlfn.IFNA(+VLOOKUP(G62,Agrupacion!A:B,2,0),"") -> AGRUPADOR 3 | I62: =_xlfn.IFNA(+VLOOKUP(G62,Agrupacion!A:C,3,0),"") -> CABA SUR II | M62: FALSO
A63: 64 | B63: MESOPOTAMICA | C63: 1 | D63: PEDRO CHUTRO 2735 - ( CAPITAL FEDERAL ) | E63: 2 | F63: PEDRO CHUTRO 2735 | G63: BARRACAS | H63: =_xlfn.IFNA(+VLOOKUP(G63,Agrupacion!A:B,2,0),"") -> AGRUPADOR 2 | I63: =_xlfn.IFNA(+VLOOKUP(G63,Agrupacion!A:C,3,0),"") -> CABA SUR | M63: FALSO
A64: 65 | B64: FRIO CERRI DE A.LUCANERA | C64: 1 | D64: RIO CUARTO 4838 - ( CAPITAL FEDERAL ) | E64: 2 | F64: RIO CUARTO 4838 | G64: VILLA SOLDATI | H64: =_xlfn.IFNA(+VLOOKUP(G64,Agrupacion!A:B,2,0),"") -> AGRUPADOR 3 | I64: =_xlfn.IFNA(+VLOOKUP(G64,Agrupacion!A:C,3,0),"") -> CABA SUR II | J64: 1437 | M64: FALSO
A65: 66 | B65: DEPOSITO IMCOFUE | C65: 1 | D65: Cnel. Martiniano Chilavert 3258 - ( Villa Soldati - Cap. Fed ) | E65: 2 | F65: Cnel. Martiniano Chilavert 3258 | G65: VILLA SOLDATI | H65: =_xlfn.IFNA(+VLOOKUP(G65,Agrupacion!A:B,2,0),"") -> AGRUPADOR 3 | I65: =_xlfn.IFNA(+VLOOKUP(G65,Agrupacion!A:C,3,0),"") -> CABA SUR II | J65: 1293 | K65: 4301-3950 Sr. Porto | M65: FALSO
A66: 67 | B66: SAN ANTONIO | C66: 1 | D66: GRAL.IRIARTE 2775 - ( CAPITAL FEDERAL ) | E66: 2 | F66: GRAL.IRIARTE 2775 | G66: BARRACAS | H66: =_xlfn.IFNA(+VLOOKUP(G66,Agrupacion!A:B,2,0),"") -> AGRUPADOR 2 | I66: =_xlfn.IFNA(+VLOOKUP(G66,Agrupacion!A:C,3,0),"") -> CABA SUR | J66: 1291 | M66: FALSO
A67: 68 | B67: EN CARGO (CHARACANI CARGAS ) | C67: 1 | D67: E.SOLA G.3P.14 SUAREZ Y AUSTRALIA - (COMUNA 4 ) CABA | E67: 2 | F67: E.SOLA G.3P.14 SUAREZ Y AUSTRALIA | G67: ESTACION SOLA | H67: =_xlfn.IFNA(+VLOOKUP(G67,Agrupacion!A:B,2,0),"") -> AGRUPADOR 3 | I67: =_xlfn.IFNA(+VLOOKUP(G67,Agrupacion!A:C,3,0),"") -> CABA SUR II | J67: 1277 | K67: 4303-8394 4301-7425 | M67: FALSO
A68: 69 | B68: LA SEVILLANITA | C68: 1 | D68: PERGAMINO 3751 NAVE A BLOQUE 2 (COMUNA 8 ) CABA | E68: 2 | F68: PERGAMINO 3751 NAVE A BLOQUE 2 | G68: VILLA SOLDATI | H68: =_xlfn.IFNA(+VLOOKUP(G68,Agrupacion!A:B,2,0),"") -> AGRUPADOR 3 | I68: =_xlfn.IFNA(+VLOOKUP(G68,Agrupacion!A:C,3,0),"") -> CABA SUR II | K68: 4911-4386 | M68: FALSO
A69: 70 | B69: ROCINANTE EXPRESO S.R.L. | C69: 1 | D69: AUSTRALIA 2758 (COMUNA 4) CABA | E69: 2 | F69: AUSTRALIA 2758 | G69: BARRACAS | H69: =_xlfn.IFNA(+VLOOKUP(G69,Agrupacion!A:B,2,0),"") -> AGRUPADOR 2 | I69: =_xlfn.IFNA(+VLOOKUP(G69,Agrupacion!A:C,3,0),"") -> CABA SUR | J69: 1296 | K69: 4303-3130 | M69: FALSO
A70: 71 | B70: MARCOS JUAREZ TTE. | C70: 1 | D70: CABOTO 663 - ( LA BOCA -CAP FED ) | E70: 2 | F70: CABOTO 663 | G70: LA BOCA | H70: =_xlfn.IFNA(+VLOOKUP(G70,Agrupacion!A:B,2,0),"") -> AGRUPADOR 2 | I70: =_xlfn.IFNA(+VLOOKUP(G70,Agrupacion!A:C,3,0),"") -> CABA SUR | J70: 1157 | K70: 4361-6971 | M70: FALSO
A71: 72 | B71: CHOS MALAL | C71: 1 | D71: BERON DE ASTRADA 2814 - ( CAPITAL ) | E71: 2 | F71: BERON DE ASTRADA 2814 | G71: VILLA SOLDATI | H71: =_xlfn.IFNA(+VLOOKUP(G71,Agrupacion!A:B,2,0),"") -> AGRUPADOR 3 | I71: =_xlfn.IFNA(+VLOOKUP(G71,Agrupacion!A:C,3,0),"") -> CABA SUR II | J71: 1437 | M71: FALSO
A72: 73 | B72: DEPOSITO DEL BLANCO H.Y L. | C72: 1 | D72: IRIARTE 2775 - ( CAPITAL FEDERAL ) | E72: 2 | F72: IRIARTE 2775 | G72: BARRACAS | H72: =_xlfn.IFNA(+VLOOKUP(G72,Agrupacion!A:B,2,0),"") -> AGRUPADOR 2 | I72: =_xlfn.IFNA(+VLOOKUP(G72,Agrupacion!A:C,3,0),"") -> CABA SUR | M72: FALSO
A73: 74 | B73: RIDISSI | C73: 1 | D73: GRITO DE ASCENCIO 3759 - ( POMPEYA-CAPITAL ) | E73: 2 | F73: GRITO DE ASCENCIO 3759 | G73: POMPEYA | H73: =_xlfn.IFNA(+VLOOKUP(G73,Agrupacion!A:B,2,0),"") -> AGRUPADOR 2 | I73: =_xlfn.IFNA(+VLOOKUP(G73,Agrupacion!A:C,3,0),"") -> CABA SUR | J73: 1437 | M73: FALSO
A74: 75 | B74: EL SOL | C74: 1 | D74: LOS PATOS 2571 - ( P.PATRICIOS-CAPITAL ) | F74: LOS PATOS 2571 | G74: PARQUE PATRICIOS | H74: =_xlfn.IFNA(+VLOOKUP(G74,Agrupacion!A:B,2,0),"") -> AGRUPADOR 2 | I74: =_xlfn.IFNA(+VLOOKUP(G74,Agrupacion!A:C,3,0),"") -> CABA SUR | J74: 1437 | M74: FALSO
A75: 76 | B75: EL VASQUITO | C75: 1 | D75: AV. PERGAMINO 3751 NAVE B MOD 38-39 - ( CAPITAL FEDERAL ) | E75: 2 | F75: AV. PERGAMINO 3751 NAVE B MOD 38-39 | G75: BARRACAS | H75: =_xlfn.IFNA(+VLOOKUP(G75,Agrupacion!A:B,2,0),"") -> AGRUPADOR 2 | I75: =_xlfn.IFNA(+VLOOKUP(G75,Agrupacion!A:C,3,0),"") -> CABA SUR | J75: 1296 | K75: 4301-7451 | M75: FALSO
A76: 77 | B76: SAN PEDRO S.H. | C76: 1 | D76: AV.PINEDO Estac. SOLA GALPON 3 PTA.1y2 - ( CAPITAL FEDERAL ) | E76: 2 | F76: AV.PINEDO Estac. SOLA GALPON 3 PTA.1y2 | G76: ESTACION SOLA | H76: =_xlfn.IFNA(+VLOOKUP(G76,Agrupacion!A:B,2,0),"") -> AGRUPADOR 3 | I76: =_xlfn.IFNA(+VLOOKUP(G76,Agrupacion!A:C,3,0),"") -> CABA SUR II | J76: 1291 | K76: 4301-6404 | M76: FALSO
A77: 78 | B77: B.J. | C77: 1 | D77: PORTELA 3245 - ( SOLDATI-CAPITAL ) | F77: PORTELA 3245 | G77: VILLA SOLDATI | H77: =_xlfn.IFNA(+VLOOKUP(G77,Agrupacion!A:B,2,0),"") -> AGRUPADOR 3 | I77: =_xlfn.IFNA(+VLOOKUP(G77,Agrupacion!A:C,3,0),"") -> CABA SUR II | J77: 1437 | M77: FALSO
A78: 79 | B78: PETROVALLE S.A.T. | C78: 1 | D78: SAN PEDRITO 2751 - ( SOLDATI CAPITAL ) | F78: SAN PEDRITO 2751 | G78: VILLA SOLDATI | H78: =_xlfn.IFNA(+VLOOKUP(G78,Agrupacion!A:B,2,0),"") -> AGRUPADOR 3 | I78: =_xlfn.IFNA(+VLOOKUP(G78,Agrupacion!A:C,3,0),"") -> CABA SUR II | J78: 1437 | M78: FALSO
A79: 80 | B79: TAVERNA | C79: 1 | D79: CALLE 104 N.5565 - ( V.BILLINGHURST SAN MARTIN ) | F79: CALLE 104 N.5565 | G79: SAN MARTIN | H79: =_xlfn.IFNA(+VLOOKUP(G79,Agrupacion!A:B,2,0),"") -> AGRUPADOR 8 | I79: =_xlfn.IFNA(+VLOOKUP(G79,Agrupacion!A:C,3,0),"") -> GBA NORTE | J79: 1650 | M79: FALSO
A80: 81 | B80: ALVEAR SUR | C80: 1 | D80: AC.CNEL.ROCA 3069 - ( SOLDATI-CAPITAL ) | F80: AC.CNEL.ROCA 3069 | G80: VILLA SOLDATI | H80: =_xlfn.IFNA(+VLOOKUP(G80,Agrupacion!A:B,2,0),"") -> AGRUPADOR 3 | I80: =_xlfn.IFNA(+VLOOKUP(G80,Agrupacion!A:C,3,0),"") -> CABA SUR II | J80: 1437 | K80: 4918-9309 | M80: FALSO
A81: 82 | B81: DEMONTE EXPRESO | C81: 1 | D81: PERGAMINO 3751 NAVE B 29-30-31 (COMUNA 8) CABA | E81: 2 | F81: PERGAMINO 3751 NAVE B 29-30-31 | G81: VILLA SOLDATI | H81: =_xlfn.IFNA(+VLOOKUP(G81,Agrupacion!A:B,2,0),"") -> AGRUPADOR 3 | I81: =_xlfn.IFNA(+VLOOKUP(G81,Agrupacion!A:C,3,0),"") -> CABA SUR II | J81: 1437 | K81: 5275-1960 | M81: FALSO
A82: 83 | B82: MARENGHINI S.R.L. | C82: 1 | D82: AUSTRALIA 2634 - ( CAPITAL FEDERAL ) | E82: 2 | F82: AUSTRALIA 2634 | G82: BARRACAS | H82: =_xlfn.IFNA(+VLOOKUP(G82,Agrupacion!A:B,2,0),"") -> AGRUPADOR 2 | I82: =_xlfn.IFNA(+VLOOKUP(G82,Agrupacion!A:C,3,0),"") -> CABA SUR | J82: 1296 | M82: FALSO
A83: 84 | B83: EL LITORAL | C83: 1 | D83: SAN PEDRITO 3476 - ( SOLDATI CAPITAL ) | F83: SAN PEDRITO 3476 | G83: VILLA SOLDATI | H83: =_xlfn.IFNA(+VLOOKUP(G83,Agrupacion!A:B,2,0),"") -> AGRUPADOR 3 | I83: =_xlfn.IFNA(+VLOOKUP(G83,Agrupacion!A:C,3,0),"") -> CABA SUR II | J83: 1437 | M83: FALSO
A84: 85 | B84: ORO NEGRO | C84: 1 | D84: PERGAMINO 3751 NAVE A MOD 20 A 27 (COMUNA 8) CABA | E84: 2 | F84: PERGAMINO 3757 NAVE A MOD 20 A 27 | G84: VILLA SOLDATI | H84: =_xlfn.IFNA(+VLOOKUP(G84,Agrupacion!A:B,2,0),"") -> AGRUPADOR 3 | I84: =_xlfn.IFNA(+VLOOKUP(G84,Agrupacion!A:C,3,0),"") -> CABA SUR II | J84: 1437 | K84: 5091-9000 | M84: FALSO
A85: 86 | B85: EL PAMPERO | C85: 1 | D85: AV. AMANCIO ALCORTA 1955 (COMUNA 4) CABA | E85: 2 | F85: AV. AMANCIO ALCORTA 1955 | G85: BARRACAS | H85: =_xlfn.IFNA(+VLOOKUP(G85,Agrupacion!A:B,2,0),"") -> AGRUPADOR 2 | I85: =_xlfn.IFNA(+VLOOKUP(G85,Agrupacion!A:C,3,0),"") -> CABA SUR | J85: 1283 | K85: 4305-4548 4304-1714 | M85: FALSO
A86: 87 | B86: RODRIGUEZ RAMON | C86: 1 | D86: INCLAN 3580 - ( CAPITAL FEDERAL ) | E86: 2 | F86: INCLAN 3580 | G86: PARQUE CHACABUCO | H86: =_xlfn.IFNA(+VLOOKUP(G86,Agrupacion!A:B,2,0),"") -> AGRUPADOR 1 | I86: =_xlfn.IFNA(+VLOOKUP(G86,Agrupacion!A:C,3,0),"") -> CABA NORTE | J86: 1258 | K86: 49210605 | M86: FALSO
A87: 88 | B87: CHILECITO S.R.L. (VESELY SRL) | C87: 1 | D87: INT.RABANAL 2662 (COMUNA 8) CABA | E87: 2 | F87: IINTF.RABANAL 2662 | G87: VILLA SOLDATI | H87: =_xlfn.IFNA(+VLOOKUP(G87,Agrupacion!A:B,2,0),"") -> AGRUPADOR 3 | I87: =_xlfn.IFNA(+VLOOKUP(G87,Agrupacion!A:C,3,0),"") -> CABA SUR II | J87: 1437 | K87: 4919-7269 | M87: FALSO
A88: 89 | B88: DI PASCUALI | C88: 1 | D88: ANCASTE 3791 - ( POMPEYA-CAPITAL ) | F88: ANCASTE 3791 | G88: POMPEYA | H88: =_xlfn.IFNA(+VLOOKUP(G88,Agrupacion!A:B,2,0),"") -> AGRUPADOR 2 | I88: =_xlfn.IFNA(+VLOOKUP(G88,Agrupacion!A:C,3,0),"") -> CABA SUR | J88: 1437 | M88: FALSO
A89: 90 | B89: DON CARMELO | C89: 1 | D89: MIRAVE 2720 - ( CAPITAL FEDERAL ) | E89: 2 | F89: MIRAVE 2720 | G89: NUEVA POMPEYA | H89: =_xlfn.IFNA(+VLOOKUP(G89,Agrupacion!A:B,2,0),"") -> AGRUPADOR 2 | I89: =_xlfn.IFNA(+VLOOKUP(G89,Agrupacion!A:C,3,0),"") -> CABA SUR | M89: FALSO
A90: 91 | B90: ABREU | C90: 1 | D90: ARIETA 5335 - ( TABLADA ) | F90: ARIETA 5335 | G90: TABLADA | H90: =_xlfn.IFNA(+VLOOKUP(G90,Agrupacion!A:B,2,0),"") -> AGRUPADOR 6 | I90: =_xlfn.IFNA(+VLOOKUP(G90,Agrupacion!A:C,3,0),"") -> GBA OESTE | J90: 1766 | M90: FALSO
A91: 92 | B91: LEON-VA | C91: 1 | D91: B.DE ASTRADA 2850 - ( SOLDATI-CAPITAL ) | F91: B.DE ASTRADA 2850 | G91: VILLA SOLDATI | H91: =_xlfn.IFNA(+VLOOKUP(G91,Agrupacion!A:B,2,0),"") -> AGRUPADOR 3 | I91: =_xlfn.IFNA(+VLOOKUP(G91,Agrupacion!A:C,3,0),"") -> CABA SUR II | J91: 1437 | M91: FALSO
A92: 93 | B92: RUTALMAR S.A. | C92: 1 | D92: ITAQUI 1854 - ( CAPITAL FEDERAL ) | E92: 2 | F92: ITAQUI 1854 | G92: VILLA SOLDATI | H92: =_xlfn.IFNA(+VLOOKUP(G92,Agrupacion!A:B,2,0),"") -> AGRUPADOR 3 | I92: =_xlfn.IFNA(+VLOOKUP(G92,Agrupacion!A:C,3,0),"") -> CABA SUR II | M92: FALSO
A93: 94 | B93: ROZA | C93: 1 | D93: D.CABRED 4570 - ( POMPEYA ) | F93: D.CABRED 4570 | G93: POMPEYA | H93: =_xlfn.IFNA(+VLOOKUP(G93,Agrupacion!A:B,2,0),"") -> AGRUPADOR 2 | I93: =_xlfn.IFNA(+VLOOKUP(G93,Agrupacion!A:C,3,0),"") -> CABA SUR | M93: FALSO
A94: 95 | B94: DEMARLENGUE E HIJOS | C94: 1 | D94: VENTANA 3772 - ( POMPEYA-CAPITAL ) | F94: VENTANA 3772 | G94: POMPEYA | H94: =_xlfn.IFNA(+VLOOKUP(G94,Agrupacion!A:B,2,0),"") -> AGRUPADOR 2 | I94: =_xlfn.IFNA(+VLOOKUP(G94,Agrupacion!A:C,3,0),"") -> CABA SUR | J94: 1437 | M94: FALSO
A95: 96 | B95: EL CARRIZAL S.A. | C95: 1 | D95: MERCADO CENTRAL NAVE D1 PTA 79 - ( TAPIALES .BS AS ) | E95: 1 | F95: MERCADO CENTRAL NAVE D1 PTA 79 | G95: TAPIALES | H95: =_xlfn.IFNA(+VLOOKUP(G95,Agrupacion!A:B,2,0),"") -> AGRUPADOR 3 | I95: =_xlfn.IFNA(+VLOOKUP(G95,Agrupacion!A:C,3,0),"") -> CABA SUR II | J95: 1770 | K95: 4462-1085/1098 | M95: FALSO
A96: 97 | B96: LEAL S.R.L. | C96: 1 | D96: FRUCTUOSO RIVERA 2660 - ( CAPITAL ) | E96: 2 | F96: FRUCTUOSO RIVERA 2660 | G96: BARRACAS | H96: =_xlfn.IFNA(+VLOOKUP(G96,Agrupacion!A:B,2,0),"") -> AGRUPADOR 2 | I96: =_xlfn.IFNA(+VLOOKUP(G96,Agrupacion!A:C,3,0),"") -> CABA SUR | J96: 1437 | K96: 4500-7324 | M96: FALSO
A97: 98 | B97: EST.DE CARGAS SAENZ | C97: 1 | D97: ANCASTE 3791 - ( CAPITAL FEDERAL ) | E97: 2 | F97: ANCASTE 3791 | G97: VILLA SOLDATI | H97: =_xlfn.IFNA(+VLOOKUP(G97,Agrupacion!A:B,2,0),"") -> AGRUPADOR 3 | I97: =_xlfn.IFNA(+VLOOKUP(G97,Agrupacion!A:C,3,0),"") -> CABA SUR II | J97: 1437 | M97: FALSO
A98: 99 | B98: NOA | C98: 1 | D98: HERNANDARIAS 1300YMAGALLA - ( CAPITAL FEDERAL ) | E98: 2 | F98: HERNANDARIAS 1300YMAGALLA | G98: LA BOCA | H98: =_xlfn.IFNA(+VLOOKUP(G98,Agrupacion!A:B,2,0),"") -> AGRUPADOR 2 | I98: =_xlfn.IFNA(+VLOOKUP(G98,Agrupacion!A:C,3,0),"") -> CABA SUR | M98: FALSO
A99: 100 | B99: BAHIA CENTRO | C99: 1 | D99: AV. FERNANDEZ DE LA CRUZ 2438 - ( CAPITAL FEDERAL ) | E99: 2 | F99: AV. FERNANDEZ DE LA CRUZ 2438 | G99: VILLA SOLDATI | H99: =_xlfn.IFNA(+VLOOKUP(G99,Agrupacion!A:B,2,0),"") -> AGRUPADOR 3 | I99: =_xlfn.IFNA(+VLOOKUP(G99,Agrupacion!A:C,3,0),"") -> CABA SUR II | J99: 1437 | K99: 4919-5468/9 | M99: FALSO
A100: 101 | B100: SANTA RITA EXPRESO | C100: 1 | D100: CASTAÑON 3556 - ( CAPITAL FEDERAL ) | E100: 2 | F100: CASTAÑON 3556 | G100: NUEVA POMPEYA | H100: =_xlfn.IFNA(+VLOOKUP(G100,Agrupacion!A:B,2,0),"") -> AGRUPADOR 2 | I100: =_xlfn.IFNA(+VLOOKUP(G100,Agrupacion!A:C,3,0),"") -> CABA SUR | J100: 1260 | K100: 4912-2418 / 4912-7395 | M100: FALSO
...

Sheet Agrupacion
A1: Localidad | B1: Agrupador | C1: Zona Agrupador
A2: BOEDO | B2: AGRUPADOR 1 | C2: CABA NORTE
A3: FLORES | B3: AGRUPADOR 1 | C3: CABA NORTE
A4: LINIERS | B4: AGRUPADOR 1 | C4: CABA NORTE
A5: PALERMO | B5: AGRUPADOR 1 | C5: CABA NORTE
A6: PARQUE CHACABUCO | B6: AGRUPADOR 1 | C6: CABA NORTE
A7: PATERNAL | B7: AGRUPADOR 1 | C7: CABA NORTE
A8: RETIRO | B8: AGRUPADOR 1 | C8: CABA NORTE
A9: VILLA DEL PARQUE | B9: AGRUPADOR 1 | C9: CABA NORTE
A10: VILLA CRESPO | B10: AGRUPADOR 1 | C10: CABA NORTE
A11: AVELLANEDA 2 | B11: AGRUPADOR 2 | C11: CABA SUR
A12: BARRACAS | B12: AGRUPADOR 2 | C12: CABA SUR
... A64: RETIRA | B64: RETIRA | C64: -
